MASTER,NFL,CBS,SBNATION
Joe Burrow,Joe Burrow,Joe Burrow,Joe Burrow
Chase Young,Chase Young,Chase Young,Chase Young
Tua Tagovailoa,Tua Tagovailoa,Tua Tagovailoa,Tua Tagovailoa
Tristan Wirfs,Tristan Wirfs,Tristan Wirfs,Tristan Wirfs
Justin Herbert,Justin Herbert,Justin Herbert,Justin Herbert
Jeff Okudah,Jeff Okudah,Jeff Okudah,Jeff Okudah
Derrick Brown,Derrick Brown,Derrick Brown,Derrick Brown
Isaiah Simmons,Isaiah Simmons,Isaiah Simmons,Isaiah Simmons
C.J. Henderson,C.J. Henderson,CJ Henderson,CJ Henderson
Jedrick Wills,Jedrick Wills,Jedrick Wills Jr.,Jedrick Wills
Mekhi Becton,Mekhi Becton,Mekhi Becton,Mekhi Becton
Jerry Jeudy,Jerry Jeudy,Jerry Jeudy,Jerry Jeudy
CeeDee Lamb,CeeDee Lamb,CeeDee Lamb,CeeDee Lamb
Andrew Thomas,Andrew Thomas,Andrew Thomas,Andrew Thomas
Henry Ruggs,Henry Ruggs III,Henry Ruggs III,Henry Ruggs III
Javon Kinlaw,Javon Kinlaw,Javon Kinlaw,Javon Kinlaw
K'Lavon Chaisson,K'Lavon Chaisson,K'Lavon Chaisson,K'Lavon Chaisson
D'Andre Swift,D'Andre Swift,D'Andre Swift,
Kenneth Murray,Kenneth Murray,Kenneth Murray,Kenneth Murray
Patrick Queen,Patrick Queen,Patrick Queen,Patrick Queen
Justin Jefferson,Justin Jefferson,Justin Jefferson,Justin Jefferson
Yetur Gross-Matos,Yetur Gross-Matos,Yetur Gross-Matos,Yetur Gross-Matos
Xavier McKinney,Xavier McKinney,Xavier McKinney,Xavier McKinney
Laviska Shenault,Laviska Shenault,Laviska Shenault Jr.,Laviska Shenault Jr.
Ross Blacklock,Ross Blacklock,,
Austin Jackson,Austin Jackson,Austin Jackson,Austin Jackson
Jeremy Chinn,Jeremy Chinn,,
Jonathan Taylor,Jonathan Taylor,,
A.J. Epenesa,A.J. Epenesa,A.J. Epenesa,
Jalen Reagor,,Jalen Reagor,Jalen Reagor
Lloyd Cushenberry,,,
Damon Arnette,Damon Arnette,Damon Arnette,
Isaiah Wilson,,,Isaiah Wilson
Trevon Diggs,Trevon Diggs,Trevon Diggs,Trevon Diggs
Zack Baun,Zack Baun,Zack Baun,
Antoine Winfield Jr.,,,
J.K. Dobbins,,,
Grant Delpit,Grant Delpit,Grant Delpit,
Kyle Dugger,,,
Shane Lemieux,,,
Solomon Kindley,,,
James Lynch,James Lynch,,
Josh Jones,Joshua Jones,Josh Jones,Josh Jones
Denzel Mims,Denzel Mims,Denzel Mims,
Cam Akers,,,
Robert Hunt,,,
Jordan Love,Jordan Love,Jordan Love,Jordan Love
Tee Higgins,Tee Higgins,Tee Higgins,
Jon Greenard,,,
Chase Claypool,,,
A.J. Terrell,A.J. Terrell,A.J. Terrell,
Tyler Biadasz,,,
K.J. Hamler,,,
Ezra Cleveland,,Ezra Cleveland,Ezra Cleveland
Brandon Aiyuk,,Brandon Aiyuk,
Jake Hanson,,,
Gabriel Davis,,,
Noah Igbinoghene,,Noah Igbinoghene,
Justin Madubuike,,,
Lynn Bowden,,,
Clyde Edwards-Helaire,Clyde Edwards-Helaire,,
Raekwon Davis,Raekwon Davis,,
Logan Stenberg,,,
Netane Muti,,,
Jordyn Brooks,,,
Albert Okwuegbunam,,,
Jacob Eason,,,
Terrell Lewis,Terrell Lewis,,
Darnay Holmes,,,
Prince Tega Wanogho,,,
Matt Peart,,,
Cameron Dantzler,,,
Ashtyn Davis,,,
Jacob Phillips,,,
Cole Kmet,Cole Kmet,Cole Kmet,
Jaylon Johnson,Jaylon Johnson,Jaylon Johnson,Jaylon Johnson
Reggie Robinson,,,
Nick Coe,,,
Jeff Gladney,,Jeff Gladney,
K.J. Hill,,,
Kristian Fulton,Kristian Fulton,Kristian Fulton,Kristian Fulton
Nick Harris,,,
Terrance Steele,,,
Ben Bredeson,,,
Marlon Davidson,Marlon Davidson,,
Zack Moss,,,
Jake Fromm,,,
Troy Pride,,,
Antonio Gandy-Golden,,,
Bryce Hall,,,
Bradley Anae,,,
Thaddeus Moss,,,
Colby Parkinson,,,
Jared Pinkney,,,
Kenny Willekes,,,
Anfernee Jennings,,,
Levi Onwuzurike,,,
Troy Dye,,,
Julian Okwara,,,
Neville Gallimore,,Neville Gallimore,
Willie Gay Jr.,,,
Jalen Hurts,Jalen Hurts,,
Cesar Ruiz,,Cesar Ruiz,
Lamical Perine,,,
Lucas Niang,,,
Khaleke Hudson,,,
Collin Johnson,,,
Essang Bassey,,,
Josh Uche,,,
Curtis Weaver,Curtis Weaver,,
Jordan Elliott,,,
Kendrick Rogers,,,
Michael Pittman Jr.,,,
David Woodward,,,
Tyler Johnson,,,
Marcus Norman,,,
James Morgan,,,
Bryan Edwards,,,
A.J. Dillon,,,
Eno Benjamin,,,
J.R. Reed,,,
Casey Toohill,,,
Van Jefferson,,,
Darrynton Evans,,,
Adam Trautman,,,
Ke'Shawn Vaughn,,,
Lavert Hill,,,
Chauncey Rivers,,,
Joe Gaziano,,,
Krys Barnes,,,
Jordan Fuller,,,
Jonah Jackson,,,
Jason Strowbridge,,,
Larrell Murchison,,,
Matt Hennessy,,,
Quartney Davis,,,
Hunter Bryant,,,
Khalid Kareem,,,
Jack Driscoll,,,
John Simpson,,,
D.J. Wonnum,,,
Michael Divinity,,,
Jabari Zuniga,,,
Steven Montez,,,
Josh Metellus,,,
Joe Bachie,,,
Hakeem Adeniji,,,
DaVon Hamilton,,,
Shyheim Carter,,,
Yasir Durant,,,
Scottie Phillips,,,
J.J. Taylor,,,
Calvin Throckmorton,,,
T.J. Carter,,,
Tyre Phillips,,,
Robert Windsor,,,
Ben Cleveland,,,
Stephen Guidry,,,
Cole McDonald,,,
Christian Rector,,,
Trishton Jackson,,,
Trey Adams,,,
Malik Harrison,,,
Jared Hilbers,,,
Darrell Taylor,,,
Evan Weaver,,,
Michael Pinckney,,,
Stanford Samuels,,,
Jacob Breeland,,,
David Reese,,,
Brandon Bowen,,,
Kalija Lipscomb,,,
Matt Bushman,,,
John Hightower,,,
Quintez Cephus,,,
Michael Warren II,,,
Binjimen Victor,,,
Trystan Colon-Castillo,,,
Kamren Curl,,,
Marcelino Ball,,,
JaQuarius Landrews,,,
Shaquille Quarterman,,,
Lamar Jackson,,,
Kamal Martin,,,
Jeff Thomas,,,
Damien Lewis,,,
Khalil Tate,,,
Alohi Gilman,,,
Javon Leake,,,
Quez Watkins,,,
Ben Bartch,,,
Mykal Walker,,,
Marquez Callaway,,,
Harrison Bryant,,,
Dalton Keene,,,
Joshua Kelley,,,
Alex Taylor,,,
Jalen Elliott,,,
Christian Rozeboom,,,
Alex Givens,,,
Trevis Gipson,,,
Patrick Taylor Jr.,,,
Michael Onwenu,,,
Rashard Lawrence,,,
Nate Stanley,,,
Josiah Scott,,,
Oluwole Betiku,,,
Benito Jones,,,
Tanner Muse,,,
Reggie Floyd,,,
Tyrie Cleveland,,,
Anthony McFarland Jr.,,,
Rodrigo Blankenship,,,
Carter Coughlin,,,
Alton Robinson,,,
Francis Bernard,,,
Dane Jackson,,,
Raymond Calais,,,
David Dowell,,,
Jerry Jacobs,,,
Benny LeMay,,,
Charlie Heck,,,
Shea Patterson,,,
Case Cookus,,,
Keith Washington,,,
Tino Ellis,,,
John Molchon,,,
Isaiah Hodgins,,,
Devin Studstill,,,
Jauan Jennings,,,
Brycen Hopkins,,,
John Reid,,,
Charlie Taumoepeau,,,
Cameron Clark,,,
Dezmon Patmon,,,
Nevelle Clarke,,,
Michael Ojemudia,,,
Logan Wilson,,,
L'Jarius Sneed,,,
Larry Rountree III,,,
Jace Whittaker,,,
James Pierre,,,
Daishawn Dixon,,,
De'Jon Harris,,,
Kyahva Tezino,,,
Antoine Brooks,,,
Kindle Vildor,,,
Raequan Williams,,,
Julian Blackmon,,,
Davion Taylor,,,
Geno Stone,,,
Kevin Thurmon,,,
Juwan Johnson,,,
Markus Bailey,,,
James Proche,,,
